"RNTRD Rent (weekly) Ranges","$1-$74","$75-$99","$950 and over","$850-$949","$750-$849","$650-$749","$550-$649","$450-$549","$425-$449","$400-$424","$375-$399","$350-$374","$325-$349","$300-$324","$275-$299","$250-$274","$225-$249","$200-$224","$175-$199","$150-$174","$125-$149","$100-$124","Total",
"Baulkham Hills (East)",6,5,9,3,20,99,426,722,69,71,25,30,12,24,8,21,4,16,8,14,8,13,1604,
"Baulkham Hills (West) - Bella Vista",0,0,40,45,90,147,201,150,28,34,6,18,9,12,6,9,6,9,0,0,15,6,839,
"Glenhaven",0,0,12,7,18,23,23,10,0,3,0,4,0,3,3,0,0,0,0,0,4,3,114,
"West Pennant Hills",0,0,49,24,37,63,69,46,0,8,4,3,0,5,0,7,7,6,3,13,3,7,352,
"Castle Hill - Central",0,0,8,7,32,98,229,266,15,21,4,8,4,11,4,7,0,7,0,6,3,0,722,
"Castle Hill - East",0,5,10,19,28,23,21,12,0,0,0,0,3,0,9,7,6,23,12,0,18,16,218,
"Castle Hill - North",0,7,25,43,54,96,133,114,7,22,0,11,3,5,6,5,0,5,0,9,0,10,570,
"Castle Hill - South",0,0,12,9,23,64,262,220,8,26,6,8,0,9,8,4,3,4,0,0,0,0,658,
"Castle Hill - West",0,0,18,25,22,43,48,23,0,3,3,0,0,6,0,3,0,0,0,0,0,0,204,
"Cherrybrook",0,7,32,62,119,205,203,69,6,10,5,7,5,12,10,9,0,7,0,4,0,5,772,
"Kellyville",0,0,27,45,99,293,427,110,8,15,9,13,3,18,3,17,0,3,0,0,0,3,1094,
"Dural - Kenthurst - Wisemans Ferry",7,0,44,26,41,84,111,117,14,57,24,24,17,35,15,27,4,26,9,20,8,14,717,
"Galston - Laughtondale",3,0,12,6,5,13,36,30,8,16,4,19,0,15,4,10,0,9,0,4,0,0,187,
"Bilpin - Colo - St Albans",6,3,5,0,0,3,0,9,0,9,0,7,0,10,0,5,5,8,6,6,0,9,83,
"Kurrajong Heights - Ebenezer",11,0,9,3,12,34,54,140,43,81,37,59,10,51,22,31,16,47,18,17,3,3,714,
"Pitt Town - McGraths Hill",0,0,8,10,11,22,77,79,12,41,16,30,8,24,11,34,8,18,4,0,0,7,422,
"Rouse Hill - Beaumont Hills",0,0,21,31,109,323,358,124,4,19,10,20,10,26,5,17,13,8,4,14,0,0,1115,
"Blacktown (East) - Kings Park",33,17,3,5,0,8,43,338,114,529,434,396,167,153,43,42,20,54,27,54,24,70,2583,
"Blacktown (North) - Marayong",27,30,0,0,4,14,43,347,120,322,188,207,59,78,33,59,31,70,40,84,37,156,1950,
"Doonside - Woodcroft",32,33,4,0,0,19,68,260,106,253,134,187,66,150,40,63,40,106,60,118,69,219,2035,
"Lalor Park - Kings Langley",64,54,3,0,5,29,122,330,128,267,181,180,65,77,40,70,47,98,40,101,50,265,2227,
"Seven Hills - Toongabbie",31,31,7,0,0,10,114,453,144,314,162,156,47,71,37,42,34,61,43,61,48,148,2010,
"Blacktown (South)",12,13,0,0,4,11,24,191,88,233,140,122,45,49,16,27,15,37,23,26,19,57,1156,
"Blacktown (West)",10,9,0,0,5,11,60,304,143,307,192,192,47,85,24,42,20,26,15,22,3,41,1571,
"Glenwood",0,0,9,3,21,121,360,204,9,16,4,13,4,9,6,15,5,9,3,0,10,0,814,
"Parklea - Kellyville Ridge",0,0,6,6,44,401,690,352,37,45,13,22,6,33,9,22,19,7,17,5,3,5,1735,
"Riverstone - Marsden Park",5,5,4,4,26,136,247,207,52,169,71,112,35,66,21,64,23,43,21,35,19,10,1364,
"Acacia Gardens",0,0,0,0,0,9,59,73,11,12,0,4,0,5,0,0,0,0,0,0,0,0,178,
"Quakers Hill",10,3,0,0,0,15,161,787,171,250,104,65,34,48,18,30,11,48,13,17,13,30,1833,
"Bidwill - Hebersham - Emerton",50,42,5,0,0,9,9,54,29,106,85,325,212,325,129,167,123,141,154,207,152,276,2593,
"Glendenning - Dean Park",4,4,0,0,0,3,11,99,80,175,82,51,24,23,7,9,7,13,7,12,5,12,604,
"Hassall Grove - Plumpton",0,0,3,0,0,4,40,272,117,327,165,141,51,47,17,23,7,19,14,13,0,6,1277,
"Lethbridge Park - Tregear",58,52,0,0,0,9,53,248,78,91,94,225,258,420,147,115,78,159,140,188,104,256,2778,
"Mount Druitt - Whalan",47,42,3,6,4,14,32,177,103,280,260,479,387,497,169,117,66,109,66,115,56,160,3192,
"Prospect Reservoir",0,0,0,0,0,0,0,0,0,0,0,0,0,0,0,0,0,0,0,0,0,0,4,
"Rooty Hill - Minchinbury",5,4,0,0,3,5,70,336,130,313,141,148,54,80,19,40,9,27,19,24,12,52,1488,
"Banksmeadow",0,0,0,0,0,0,0,0,0,0,0,0,0,0,0,0,0,0,0,0,0,0,0,
"Botany",8,13,26,34,66,173,238,179,24,56,23,51,23,29,11,27,16,29,9,23,17,67,1159,
"Mascot - Eastlakes",55,35,97,89,202,775,658,623,195,259,89,103,54,81,41,45,23,77,39,91,56,257,3938,
"Pagewood - Hillsdale - Daceyville",26,26,28,25,53,108,113,276,111,235,119,86,32,28,9,30,15,42,41,62,43,222,1742,
"Port Botany Industrial",0,0,0,0,0,0,0,0,0,0,0,0,0,0,0,0,0,0,0,0,0,0,0,
"Sydney Airport",0,0,0,0,0,0,0,0,0,0,0,0,0,0,0,0,0,0,0,0,0,0,0,
"Marrickville",20,26,94,130,166,344,584,895,186,347,152,239,109,151,66,150,98,125,50,91,40,172,4248,
"Petersham - Stanmore",13,19,205,148,234,301,448,707,155,275,131,211,111,184,102,102,69,100,52,54,14,50,3687,
"Sydenham - Tempe - St Peters",6,4,48,54,73,139,209,143,13,40,14,35,14,40,14,12,8,20,4,5,4,8,894,
"Darlinghurst",9,11,365,145,277,383,427,459,79,129,91,123,76,136,42,33,50,52,17,24,12,74,3009,
"Erskineville - Alexandria",24,19,202,176,313,667,885,687,39,65,32,56,23,49,25,35,17,24,9,32,13,76,3462,
"Glebe - Forest Lodge",78,73,364,177,439,546,701,668,68,178,83,179,116,170,81,93,81,134,83,119,96,397,4911,
"Newtown - Camperdown - Darlington",28,30,392,273,388,680,999,836,243,303,144,229,200,481,403,85,84,69,36,45,30,127,6104,
"Potts Point - Woolloomooloo",19,34,449,213,442,679,794,956,206,411,302,426,245,345,103,105,53,91,37,67,34,192,6207,
"Pyrmont - Ultimo",36,22,602,279,541,860,946,725,69,118,119,83,63,76,36,62,58,89,71,64,59,141,5117,
"Redfern - Chippendale",131,91,442,246,424,747,1121,754,169,248,89,127,77,115,54,70,46,144,80,146,79,583,5993,
"Surry Hills",66,58,418,249,376,581,751,669,81,147,77,89,49,88,40,74,30,68,39,79,62,399,4479,
"Sydney - Haymarket - The Rocks",27,4,1095,759,1021,708,1024,612,59,114,54,39,12,36,16,26,24,33,24,29,22,25,5762,
"Waterloo - Beaconsfield",175,140,337,254,836,2008,1520,1156,57,103,46,86,43,98,44,86,50,140,111,205,140,750,8402,
"Bondi - Tamarama - Bronte",7,5,380,221,388,586,629,486,52,103,56,65,24,59,28,26,14,19,11,19,15,84,3272,
"Bondi Beach - North Bondi",14,6,650,321,465,682,761,623,90,144,72,74,28,62,12,23,13,32,24,24,11,76,4215,
"Bondi Junction - Waverly",14,15,425,184,277,385,442,339,58,107,66,80,34,50,23,27,26,22,14,38,16,63,2718,
"Centennial Park",0,0,0,0,0,0,0,0,0,0,0,0,0,0,0,0,0,0,0,0,0,0,0,
"Double Bay - Bellevue Hill",3,4,696,283,414,611,724,454,48,103,53,58,33,37,13,20,10,23,3,4,0,9,3613,
"Dover Heights",3,8,202,71,111,199,300,234,26,41,29,29,14,22,14,0,3,10,7,5,3,3,1339,
"Paddington - Moore Park",5,6,646,143,209,254,316,421,64,125,98,160,107,130,54,47,18,35,14,19,6,33,2900,
"Rose Bay - Vaucluse - Watsons Bay",0,3,262,60,86,143,223,129,9,16,4,15,8,12,5,7,4,6,3,3,5,7,1004,
"Woollahra",4,3,258,73,78,178,180,137,30,24,12,9,10,10,6,9,0,3,0,8,4,10,1031,
"Coogee - Clovelly",49,52,466,221,401,749,1077,711,68,129,39,66,46,71,34,49,40,65,42,90,71,299,4826,
"Malabar - La Perouse - Chifley",75,55,172,99,148,245,262,262,32,67,30,47,21,50,9,38,36,80,76,146,89,379,2423,
"Kensington (NSW)",12,0,153,62,147,248,500,719,80,217,130,89,28,42,16,39,20,19,19,16,8,33,2587,
"Kingsford",14,12,179,138,203,304,480,546,94,143,86,100,64,61,33,70,35,80,45,30,11,59,2779,
"Maroubra - North",8,8,117,53,95,149,230,219,24,29,14,13,12,11,3,11,0,13,4,12,7,31,1071,
"Maroubra - South",58,55,71,63,93,190,293,382,31,58,14,19,21,32,15,30,26,70,46,90,70,341,2076,
"Maroubra - West",3,3,78,64,132,302,336,256,13,38,12,29,17,33,14,19,9,9,6,9,0,12,1403,
"Randwick - North",12,3,162,104,187,411,966,838,70,130,33,47,19,42,18,34,23,40,20,17,4,17,3207,
"Randwick - South",17,13,164,92,130,343,690,530,49,101,38,32,17,42,26,37,17,21,15,20,17,41,2437,
"Bass Hill - Georges Hall",68,53,3,0,11,75,149,380,53,142,35,57,27,91,26,63,53,104,82,139,69,266,1962,
"Chullora",0,0,0,0,7,17,21,9,0,0,0,0,13,0,3,0,0,0,0,0,0,0,70,
"Condell Park",0,5,0,6,9,39,122,249,33,68,24,37,9,39,8,18,13,23,14,17,7,26,760,
"Greenacre - Mount Lewis",50,51,3,3,20,109,261,420,54,160,61,94,29,72,26,59,39,132,58,136,67,272,2163,
"Padstow",32,15,10,3,13,78,168,359,76,124,30,46,12,45,12,30,20,48,23,47,45,155,1384,
"Panania - Milperra - Picnic Point",22,29,4,5,33,137,266,437,71,106,33,59,20,54,27,38,29,78,24,71,39,210,1791,
"Revesby",18,26,3,7,17,113,184,383,65,115,42,52,28,51,18,42,41,70,47,64,46,156,1579,
"Yagoona - Birrong",32,33,6,0,13,56,121,450,88,196,76,113,39,62,24,61,50,111,51,116,49,152,1894,
"Bankstown - North",27,27,7,3,6,33,95,428,168,553,292,212,69,79,41,59,31,55,34,74,20,133,2456,
"Bankstown - South",25,18,5,10,10,25,92,343,120,391,137,187,66,90,35,46,20,53,41,79,20,123,1920,
"Belmore - Belfield",28,11,10,6,10,83,215,355,57,179,132,327,177,175,60,54,44,69,23,104,47,123,2313,
"Canterbury (South) - Campsie",11,28,19,14,31,117,407,910,242,641,487,674,248,260,58,82,47,122,58,96,22,98,4682,
"Kingsgrove (North) - Earlwood",9,10,24,36,56,148,337,342,39,106,49,71,19,45,17,23,25,41,20,35,21,41,1518,
"Punchbowl",21,30,0,5,6,39,173,385,61,182,92,219,110,177,46,66,26,84,43,81,34,113,1988,
"Roselands",10,11,3,7,24,51,144,214,31,75,53,120,60,60,22,23,15,44,27,37,18,51,1090,
"Lakemba",15,12,5,0,7,23,82,215,64,231,304,656,368,386,78,43,33,32,28,29,14,49,2659,
"Wiley Park",7,3,3,0,3,19,38,155,27,162,131,432,225,241,56,28,16,34,15,26,13,37,1672,
"Hurstville",14,17,33,18,48,150,629,1024,148,246,96,110,40,73,24,47,36,48,28,38,23,66,2958,
"Mortdale - Penshurst",13,11,12,10,52,114,244,503,157,490,365,332,101,113,30,46,18,58,16,28,15,42,2788,
"Narwee - Beverly Hills",19,22,12,4,28,56,163,330,79,83,68,78,40,75,30,32,27,61,37,81,29,147,1491,
"Oatley - Hurstville Grove",3,0,18,14,32,62,136,223,54,94,46,36,19,29,8,20,17,7,0,3,0,0,803,
"Peakhurst - Lugarno",13,18,14,6,31,76,156,221,23,49,11,15,5,24,11,15,15,43,28,27,32,134,964,
"Riverwood",77,56,4,5,4,21,117,388,50,127,46,73,28,63,35,62,43,117,97,181,107,371,2061,
"South Hurstville - Blakehurst",7,7,27,13,53,150,356,678,127,195,78,59,21,45,22,32,22,34,19,32,10,43,2028,
"Arncliffe - Bardwell Valley",14,11,42,33,104,389,1154,753,63,103,41,73,22,64,25,34,26,46,26,32,29,103,3196,
"Bexley",12,3,16,10,38,124,304,729,220,396,170,171,62,82,34,39,23,50,23,21,8,28,2569,
"Kingsgrove (South) - Bardwell Park",4,8,13,4,13,75,245,237,20,53,16,41,16,37,13,31,10,28,24,30,14,47,974,
"Kogarah",4,4,8,12,17,73,285,538,138,238,112,96,21,45,8,23,10,22,14,17,8,9,1708,
"Kogarah Bay - Carlton - Allawah",7,6,5,6,25,93,264,680,187,267,105,84,29,48,14,22,12,27,17,23,8,25,1958,
"Monterey - Brighton-le-Sands - Kyeemagh",4,9,30,17,53,110,232,547,141,293,121,121,47,61,31,30,8,27,8,25,9,41,1968,
"Rockdale - Banksia",16,3,27,11,36,122,500,923,176,240,82,93,41,79,22,42,30,39,15,28,23,46,2598,
"Sans Souci - Ramsgate",14,8,31,24,60,127,238,443,124,209,90,83,34,38,13,31,12,23,6,20,8,61,1707,
"Concord - Mortlake - Cabarita",10,9,122,114,180,399,259,348,46,96,31,44,20,50,4,22,21,23,18,28,9,60,1915,
"Concord West - North Strathfield",11,12,88,84,217,955,1171,1072,42,62,27,54,26,48,20,42,22,39,9,30,19,52,4108,
"Drummoyne - Rodd Point",5,4,164,105,194,316,432,476,46,72,33,36,7,40,24,15,12,20,16,26,5,65,2133,
"Five Dock - Abbotsford",18,18,104,60,216,422,646,606,45,87,23,36,20,36,7,25,18,43,23,68,38,159,2719,
"Balmain",21,19,322,159,226,390,296,251,43,84,38,59,34,54,15,59,31,37,27,38,29,150,2371,
"Leichhardt - Annandale",20,33,259,217,374,592,605,501,92,167,114,154,90,103,88,74,55,64,45,45,28,147,3855,
"Lilyfield - Rozelle",16,13,249,170,274,258,280,265,41,51,27,46,32,37,15,23,17,25,22,25,19,137,2052,
"Ashfield",12,14,39,36,100,162,419,1338,371,542,245,251,100,163,50,77,69,73,47,69,36,44,4259,
"Burwood - Croydon",20,18,61,78,179,500,639,886,98,197,81,111,57,108,45,65,45,69,51,52,26,118,3485,
"Canterbury (North) - Ashbury",0,4,6,10,30,56,165,292,52,108,61,77,26,31,17,12,10,24,5,12,9,10,1018,
"Croydon Park - Enfield",12,12,19,12,38,96,250,334,86,179,115,185,57,51,21,28,21,36,19,28,19,99,1724,
"Dulwich Hill - Lewisham",7,15,41,60,103,179,376,762,171,292,147,203,89,96,52,41,40,58,51,52,14,26,2879,
"Haberfield - Summer Hill",9,0,45,49,75,83,192,495,115,191,129,111,22,43,38,46,19,35,17,28,3,23,1783,
"Homebush",15,16,14,22,42,107,338,1081,230,286,126,102,32,54,11,29,19,47,19,33,31,56,2701,
"Strathfield",16,12,81,77,151,252,688,941,124,176,66,74,19,69,28,52,19,57,27,50,28,63,3056,
"Strathfield South",5,3,11,0,10,25,76,99,19,29,10,24,7,12,0,4,6,11,3,3,3,6,354,
"Chatswood (East) - Artarmon",18,14,418,239,475,590,1369,1108,84,123,44,47,27,42,30,34,19,45,29,59,28,104,4936,
"Chatswood (West) - Lane Cove North",8,10,127,94,162,334,545,971,137,144,47,84,42,44,6,29,6,33,12,28,12,46,2905,
"Lane Cove - Greenwich",24,32,274,134,205,236,562,714,84,138,41,55,44,49,15,19,13,22,10,18,11,70,2756,
"St Leonards - Naremburn",4,5,175,117,180,407,485,478,54,94,33,20,4,15,14,18,8,9,10,12,7,27,2164,
"Willoughby - Castle Cove - Northbridge",11,4,408,145,137,170,239,290,34,49,20,23,12,37,12,9,5,18,3,6,5,20,1658,
"Asquith - Mount Colah",3,0,8,21,40,111,205,164,30,23,10,17,15,14,11,8,12,12,4,4,3,11,736,
"Berowra - Brooklyn - Cowan",3,0,5,10,18,59,133,104,9,18,10,10,5,13,10,12,8,6,0,5,0,5,441,
"Normanhurst - Thornleigh - Westleigh",10,18,10,20,63,132,198,157,19,16,6,23,13,23,10,21,12,20,16,32,23,57,898,
"Hornsby - East",12,15,5,10,10,40,257,1150,224,267,67,75,27,42,15,19,26,31,20,30,16,55,2410,
"Hornsby - West",4,8,6,9,34,75,144,194,47,87,33,35,25,70,25,22,16,24,23,17,19,58,970,
"Waitara - Wahroonga (West)",8,6,23,21,31,92,276,538,81,81,19,30,7,24,10,11,9,17,9,8,12,35,1345,
"Gordon - Killara",0,9,293,131,162,305,260,292,12,33,13,15,5,18,0,4,10,3,3,12,3,8,1601,
"Lindfield - Roseville",7,15,333,93,107,180,228,290,26,46,17,29,18,21,10,15,15,12,0,11,9,3,1483,
"Pymble",5,6,166,68,74,117,133,99,3,12,4,5,0,19,3,3,3,3,0,3,4,8,727,
"St Ives",4,0,228,90,102,149,207,71,0,4,3,3,7,11,3,0,4,0,4,3,0,4,885,
"Turramurra",5,6,161,51,82,88,163,142,20,18,6,9,0,15,4,10,4,22,6,21,14,13,850,
"Wahroonga (East) - Warrawee",0,0,148,34,77,108,182,115,21,16,8,11,5,13,0,4,4,10,0,7,0,4,766,
"Cremorne - Cammeray",8,8,334,161,307,526,784,728,96,140,64,61,38,44,17,21,20,18,8,20,8,27,3429,
"Crows Nest - Waverton",17,12,266,208,294,490,954,905,126,183,91,55,31,35,14,22,10,27,9,19,10,76,3873,
"Mosman",14,5,636,174,251,353,621,779,151,220,115,90,24,36,12,21,12,30,14,24,7,27,3619,
"Neutral Bay - Kirribilli",22,15,369,201,292,557,763,910,163,326,179,163,62,64,22,29,24,29,20,35,22,138,4408,
"North Sydney - Lavender Bay",4,6,376,187,297,385,525,481,78,109,30,42,17,22,14,20,7,17,4,14,8,17,2649,
"Balgowlah - Clontarf - Seaforth",10,0,347,89,111,129,219,251,17,44,20,12,8,23,9,15,8,4,13,16,10,19,1383,
"Manly - Fairlight",10,9,701,319,450,641,692,579,71,99,24,50,19,40,17,24,17,28,41,23,14,99,3971,
"Avalon - Palm Beach",0,0,137,47,74,81,81,112,19,17,19,10,6,18,7,12,0,3,3,3,0,3,648,
"Bayview - Elanora Heights",4,0,72,25,36,37,41,44,3,10,5,14,4,11,4,4,0,6,3,7,10,9,340,
"Newport - Bilgola",0,0,125,53,71,83,110,171,24,48,24,32,8,27,10,10,0,3,5,9,0,0,808,
"Warriewood - Mona Vale",4,8,171,123,176,273,253,236,25,49,25,33,14,30,14,7,21,18,0,13,4,4,1497,
"Beacon Hill - Narraweena",16,14,72,63,111,97,73,49,9,13,8,31,10,19,11,22,8,28,23,33,38,122,867,
"Cromer",0,0,30,32,42,34,35,40,13,14,4,3,3,9,3,6,9,0,0,9,0,5,290,
"Dee Why - North Curl Curl",18,20,142,71,138,345,782,1485,185,262,132,120,44,59,21,38,12,35,18,27,11,47,3989,
"Forestville - Killarney Heights",0,14,89,90,89,78,74,47,13,12,5,3,4,3,0,9,5,12,8,10,9,51,629,
"Frenchs Forest - Belrose",4,5,193,140,157,103,59,29,7,12,9,6,8,17,8,9,0,3,3,0,0,4,772,
"Freshwater - Brookvale",6,4,222,100,168,297,636,664,94,125,51,37,29,37,18,22,9,20,4,19,13,68,2655,
"Manly Vale - Allambie Heights",31,66,115,64,91,137,187,313,35,63,35,48,15,22,9,16,11,35,23,25,15,36,1402,
"Narrabeen - Collaroy",7,18,176,91,177,271,455,607,73,106,58,49,11,42,16,27,32,31,13,24,52,54,2408,
"Terrey Hills - Duffys Forest",0,0,31,15,15,15,22,11,0,0,0,0,0,9,0,4,0,0,0,3,4,5,139,
"Camden - Ellis Lane",15,11,0,0,3,10,45,158,47,86,36,38,17,45,17,17,5,12,4,16,12,65,665,
"Elderslie - Harrington Park",7,3,0,0,10,42,174,458,55,97,53,65,18,43,10,28,22,24,16,14,14,40,1175,
"Mount Annan - Currans Hill",4,6,6,0,3,12,168,823,172,263,84,77,31,33,11,24,12,33,11,18,7,18,1803,
"Bradbury - Wedderburn",40,36,0,6,0,0,30,189,64,240,227,307,103,135,86,91,55,112,93,130,86,209,2234,
"Campbelltown - Woodbine",22,25,3,0,0,7,73,343,111,420,204,299,123,192,98,98,33,75,44,59,23,123,2380,
"Claymore - Eagle Vale - Raby",25,27,3,0,0,3,24,181,75,221,126,204,95,79,29,74,69,136,53,87,48,85,1632,
"Holsworthy Military Area",0,0,0,0,0,0,0,0,0,0,0,0,0,0,0,0,0,0,0,0,0,0,0,
"Ingleburn - Denham Court",20,10,0,0,0,13,91,277,104,210,154,250,146,132,44,51,24,37,37,50,19,75,1770,
"Leumeah - Minto Heights",20,16,5,3,5,0,17,173,73,180,156,224,102,189,85,62,29,52,42,54,29,93,1602,
"Macquarie Fields - Glenfield",42,41,3,4,3,11,73,312,82,241,158,346,219,177,54,77,56,124,91,152,93,216,2580,
"Minto - St Andrews",28,23,0,0,0,8,50,180,66,231,174,203,93,143,67,55,26,66,45,76,53,163,1753,
"Rosemeadow - Glen Alpine",17,16,0,0,9,14,43,161,61,239,191,289,91,158,60,56,29,79,56,100,74,116,1859,
"Bargo",0,0,0,0,0,6,23,37,3,26,18,30,7,24,9,7,0,10,11,8,6,4,233,
"Douglas Park - Appin",0,3,4,4,8,16,53,65,7,15,5,17,9,23,8,15,3,15,9,3,6,4,291,
"Picton - Tahmoor - Buxton",9,11,0,0,8,14,34,159,38,134,122,128,52,103,41,52,18,58,36,60,6,5,1081,
"The Oaks - Oakdale",0,0,5,0,4,7,16,45,7,34,23,24,15,25,8,18,8,13,13,11,0,12,281,
"Blackheath - Megalong Valley",9,3,5,0,0,0,10,40,9,55,33,57,43,74,42,46,18,34,14,18,7,15,527,
"Blaxland - Warrimoo - Lapstone",5,5,0,6,4,22,77,216,54,113,71,78,31,54,10,41,11,28,21,23,6,13,896,
"Blue Mountains - North",0,0,0,0,0,0,0,0,0,0,0,0,0,0,0,0,0,0,0,0,0,0,0,
"Katoomba - Leura",10,13,8,0,5,3,36,121,51,114,125,156,78,174,78,131,62,77,67,106,19,39,1479,
"Lawson - Hazelbrook - Linden",3,0,0,0,0,4,13,58,26,65,51,104,42,74,26,40,19,25,13,29,3,5,604,
"Springwood - Winmalee",5,5,0,0,5,9,42,198,60,129,88,146,51,85,45,70,23,34,16,26,15,3,1053,
"Wentworth Falls",0,0,5,0,0,0,25,69,23,70,34,50,26,45,11,18,11,15,6,9,0,5,436,
"Blue Mountains - South",0,0,0,0,0,0,0,0,0,0,0,0,0,0,0,0,0,0,0,0,0,0,0,
"Cambridge Park",0,0,0,0,0,0,11,165,66,191,148,195,78,80,35,41,21,37,16,23,10,28,1156,
"Castlereagh - Cranebrook",9,16,6,3,14,37,235,574,88,207,111,154,41,82,29,80,37,58,40,54,38,55,1964,
"Emu Plains - Leonay",5,8,0,0,3,18,68,169,53,130,56,67,25,30,11,15,4,21,6,12,4,44,756,
"Glenmore Park - Regentville",8,4,0,0,13,20,99,499,97,226,129,74,30,37,16,43,18,12,9,6,0,22,1353,
"Jamisontown - South Penrith",9,8,3,0,0,10,52,253,109,260,192,294,89,146,59,54,34,45,20,35,22,47,1741,
"Kingswood - Werrington",29,22,3,0,0,13,24,209,89,281,298,393,213,269,199,201,78,96,55,113,41,122,2755,
"Mulgoa - Luddenham - Orchard Hills",0,0,0,3,20,19,82,136,3,43,5,20,8,22,14,14,10,13,5,4,5,0,431,
"Penrith",41,39,4,3,5,10,66,164,80,229,238,476,170,299,224,188,66,87,66,72,43,204,2783,
"Warragamba - Silverdale",0,0,0,0,0,0,12,23,0,21,18,19,9,19,3,8,4,6,0,4,0,0,153,
"Richmond - Clarendon",10,13,0,4,5,11,34,244,98,232,149,186,113,155,77,100,41,57,44,83,12,26,1685,
"Windsor - Bligh Park",13,8,4,3,10,17,33,306,99,270,179,187,89,131,60,119,81,99,58,109,17,53,1932,
"Yarramundi - Londonderry",0,0,3,0,12,19,27,57,11,22,21,29,8,16,4,13,3,7,10,10,6,0,265,
"Erskine Park",0,0,0,0,0,0,24,82,28,54,35,32,11,11,0,4,0,5,0,4,0,3,302,
"St Clair",0,5,0,0,0,6,42,267,109,238,99,120,21,58,18,16,8,16,4,13,7,10,1052,
"Colyton - Oxley Park",11,7,0,0,0,7,11,97,80,218,160,200,63,91,27,45,20,28,16,25,13,24,1150,
"St Marys - North St Marys",33,17,5,0,6,5,30,100,88,368,309,430,184,269,220,142,55,103,43,104,35,144,2693,
"Homebush Bay - Silverwater",0,0,28,38,126,224,788,1357,217,159,35,21,18,36,20,26,13,8,0,13,3,0,3134,
"Rookwood Cemetery",0,0,0,0,0,0,0,0,0,0,0,0,0,0,0,0,0,0,0,0,0,0,0,
"Auburn - Central",16,10,7,6,14,37,263,601,117,201,68,128,50,91,22,22,13,32,14,38,24,51,1817,
"Auburn - North",3,12,6,0,6,12,62,321,102,284,193,329,129,103,35,70,31,43,26,27,13,50,1861,
"Auburn - South",3,9,0,0,13,30,73,180,29,67,17,40,16,16,5,18,18,17,19,25,15,53,664,
"Berala",8,14,0,0,6,12,56,217,53,98,92,141,57,94,28,35,17,14,19,31,9,34,1030,
"Lidcombe",22,14,20,9,56,161,372,652,91,231,73,85,35,83,21,36,18,44,26,40,15,43,2143,
"Regents Park",15,8,0,0,0,7,25,136,43,82,34,67,22,37,6,18,7,16,19,24,12,61,651,
"Carlingford",17,3,13,24,82,211,455,728,69,109,21,36,15,33,16,46,16,14,19,35,35,44,2054,
"Ermington - Rydalmere",74,50,5,10,40,109,265,559,77,133,68,91,43,81,44,156,104,88,59,110,70,255,2483,
"Oatlands - Dundas Valley",77,47,10,17,28,101,257,397,85,139,57,66,33,60,34,51,56,83,62,99,70,302,2121,
"Chester Hill - Sefton",45,29,0,0,8,31,113,392,60,200,68,111,43,79,29,59,34,73,48,103,45,237,1805,
"Fairfield - East",38,35,0,0,4,19,37,182,51,122,73,117,65,172,109,126,62,85,56,140,53,204,1747,
"Granville - Clyde",40,27,8,4,10,30,130,545,194,362,176,208,84,95,33,66,25,78,36,87,40,122,2415,
"Greystanes - Pemulwuy",6,5,4,3,7,69,205,512,111,134,38,53,16,33,18,43,28,27,16,26,16,39,1407,
"Guildford - South Granville",66,57,0,5,10,29,111,462,129,262,98,143,47,113,35,86,54,144,73,170,55,249,2400,
"Guildford West - Merrylands West",27,38,3,4,16,63,154,411,96,334,216,260,110,111,47,51,33,89,55,101,56,135,2410,
"Merrylands - Holroyd",33,28,12,13,21,92,243,770,245,514,355,463,144,164,56,82,51,106,77,106,53,189,3805,
"Smithfield Industrial",0,0,0,0,0,0,0,0,0,0,0,0,0,0,0,0,0,0,0,0,0,0,0,
"Yennora Industrial",0,0,0,0,0,0,0,0,0,0,0,0,0,0,0,0,0,0,0,0,0,0,3,
"North Parramatta",28,44,9,12,23,71,385,1247,349,638,375,372,119,155,67,63,39,91,47,94,38,190,4462,
"North Rocks",0,0,3,6,17,46,93,74,8,13,3,11,4,4,0,0,0,0,0,0,0,0,288,
"Northmead",15,21,11,8,3,26,213,1345,429,559,184,135,62,73,19,42,43,59,30,70,30,105,3478,
"Parramatta - Rosehill",40,38,24,19,46,98,630,1673,495,1171,666,673,226,309,92,107,36,88,52,101,50,167,6809,
"Toongabbie - Constitution Hill",14,24,3,0,11,48,127,532,175,258,136,117,25,71,27,47,31,54,25,58,29,101,1922,
"Winston Hills",0,0,0,0,6,22,88,161,10,22,4,7,5,7,5,5,3,3,5,3,0,0,366,
"Pendle Hill - Girraween",19,31,0,0,3,21,63,311,116,300,112,101,31,33,10,30,28,38,33,45,19,102,1450,
"Wentworthville - Westmead",37,29,6,4,7,28,122,597,292,513,193,129,32,66,23,37,16,66,47,79,43,213,2567,
"Epping - North Epping",6,3,49,76,122,287,764,761,142,105,29,23,22,32,11,23,19,47,39,26,8,23,2613,
"Pennant Hills - Cheltenham",5,10,41,37,83,130,189,196,27,45,24,40,15,21,14,4,13,19,13,17,7,30,977,
"Eastwood - Denistone",16,13,47,40,97,244,392,465,132,223,66,97,26,37,19,42,27,64,39,78,22,74,2266,
"Gladesville - Huntleys Point",20,22,68,46,80,129,209,307,89,165,102,131,50,45,6,24,13,25,19,39,18,149,1741,
"Hunters Hill - Woolwich",13,10,95,33,28,50,71,99,10,37,21,17,4,16,6,14,10,9,11,19,13,66,640,
"Macquarie Park - Marsfield",30,23,42,35,84,265,464,1537,297,264,88,98,25,46,33,57,47,59,43,71,39,107,3761,
"North Ryde - East Ryde",15,9,36,37,66,126,145,104,13,23,5,6,8,27,8,14,22,35,17,36,16,67,830,
"West Ryde - Meadowbank",18,14,29,25,66,186,430,699,202,412,296,314,175,158,56,56,32,44,26,50,26,59,3370,
"Putney",0,0,22,17,19,43,38,16,6,9,4,6,0,3,0,7,3,0,0,0,0,0,180,
"Ryde",19,31,64,65,121,381,723,823,176,358,232,231,77,96,31,60,38,68,44,49,44,117,3840,
"Ashcroft - Busby - Miller",102,83,0,3,4,0,18,102,63,218,167,181,79,118,57,103,72,148,131,241,126,439,2466,
"Austral - Greendale",3,5,0,7,17,31,62,133,20,62,22,55,19,58,16,24,11,21,6,15,6,7,583,
"Cobbitty - Leppington",0,0,0,5,17,55,413,393,7,61,19,36,19,37,10,38,18,10,4,14,10,0,1174,
"Badgerys Creek",0,0,0,0,0,0,0,0,0,0,0,0,0,0,0,0,0,0,0,4,6,0,11,
"Cecil Hills",0,0,0,0,5,13,55,124,10,5,4,7,0,3,4,7,0,0,0,0,0,0,241,
"Green Valley",9,8,0,0,0,13,64,248,58,125,36,54,21,23,9,19,15,30,5,17,12,31,797,
"Hinchinbrook",0,0,3,3,5,16,89,239,57,61,20,14,9,20,7,11,6,7,4,4,0,11,588,
"Hoxton Park - Carnes Hill - Horningsea Park",0,0,4,0,0,21,115,259,31,46,17,17,3,22,4,9,4,9,8,13,5,6,593,
"West Hoxton - Middleton Grange",0,0,0,0,4,37,186,333,10,33,11,14,7,18,12,22,14,7,0,0,0,0,703,
"Bonnyrigg Heights - Bonnyrigg",14,14,5,0,0,4,68,244,53,131,41,83,30,72,35,83,78,96,49,84,30,69,1299,
"Bossley Park - Abbotsbury",3,7,0,3,8,24,94,396,101,109,30,36,16,28,19,26,21,32,21,36,18,29,1051,
"Cabramatta - Lansvale",26,18,7,4,4,10,37,202,72,252,130,334,218,791,281,201,62,106,39,112,36,93,3043,
"Cabramatta West - Mount Pritchard",35,25,0,0,7,10,57,225,59,202,96,120,38,85,28,55,35,86,42,83,37,150,1470,
"Canley Vale - Canley Heights",19,14,0,0,4,13,40,306,60,245,119,224,93,221,75,108,37,107,48,108,42,148,2051,
"Edensor Park",5,4,0,0,0,7,62,171,55,63,17,39,8,16,4,12,7,33,15,22,11,20,568,
"Fairfield",29,24,3,5,8,14,62,350,142,344,221,386,319,376,114,118,39,120,64,98,43,124,2993,
"Fairfield - West",8,12,6,3,3,26,81,566,151,243,86,125,44,71,26,64,37,69,24,53,19,81,1804,
"Greenfield Park - Prairiewood",4,4,0,0,3,6,37,177,47,58,22,27,9,16,12,16,7,25,13,34,7,32,559,
"Horsley Park - Kemps Creek",0,0,0,3,3,11,19,26,8,15,8,17,10,17,4,7,0,9,6,3,0,3,158,
"Smithfield - Wetherill Park",20,18,0,6,9,15,73,404,102,223,88,108,35,74,57,70,37,90,36,95,17,114,1681,
"St Johns Park - Wakeley",0,9,3,0,0,9,25,185,34,75,19,32,7,25,8,14,13,18,5,13,4,8,521,
"Wetherill Park Industrial",0,0,0,0,0,0,0,0,0,0,0,0,0,0,0,0,0,0,0,0,0,0,0,
"Casula",17,6,4,0,0,18,106,367,114,151,49,63,18,30,15,26,22,34,23,34,18,78,1215,
"Chipping Norton - Moorebank",9,0,0,0,14,58,139,312,47,111,58,52,18,32,15,22,6,12,3,14,9,22,963,
"Holsworthy - Wattle Grove",11,0,4,3,3,47,140,611,59,105,31,45,20,68,26,178,128,22,14,10,4,22,1552,
"Liverpool",27,40,14,0,10,12,61,599,249,448,286,562,441,721,313,187,57,110,70,118,38,185,4555,
"Lurnea - Cartwright",53,45,3,0,0,4,22,140,63,139,97,133,43,47,15,53,41,91,59,94,47,203,1388,
"Prestons - Edmondson Park",0,9,0,0,5,31,201,285,37,43,12,17,8,23,3,20,15,8,3,9,0,6,741,
"Warwick Farm",44,22,4,0,0,3,15,156,51,112,60,68,77,187,108,70,24,51,41,63,43,145,1350,
"Gymea - Grays Point",9,6,14,18,48,132,184,279,52,110,36,31,12,28,8,19,8,17,12,17,5,29,1078,
"Miranda - Yowie Bay",15,21,30,23,48,93,251,464,162,180,61,68,21,36,17,33,20,45,29,41,28,138,1819,
"Sylvania - Taren Point",10,9,54,29,59,108,112,147,52,73,36,26,15,27,9,23,9,24,14,30,22,39,920,
"Caringbah",18,15,8,8,33,110,216,406,104,136,88,78,21,41,39,64,36,35,23,41,23,128,1667,
"Caringbah South",0,0,41,31,41,79,74,53,6,12,4,5,5,8,3,26,5,3,5,7,0,4,414,
"Cronulla - Kurnell - Bundeena",16,4,75,49,92,206,408,922,164,379,183,266,140,182,55,63,17,44,17,16,14,39,3341,
"Lilli Pilli - Port Hacking - Dolans Bay",0,0,16,11,7,10,9,3,0,0,0,0,0,0,0,4,0,0,0,0,0,0,62,
"Woolaware - Burraneer",0,0,32,18,27,45,27,35,7,24,20,36,30,16,8,7,7,3,5,14,3,9,369,
"Heathcote - Waterfall",0,0,0,0,3,15,36,54,9,18,4,10,3,17,8,11,8,7,0,5,0,12,218,
"Illawong - Alfords Point",0,0,8,15,30,45,54,27,0,5,0,0,0,0,0,0,0,0,0,0,0,0,194,
"Menai - Lucas Heights - Woronora",0,5,12,17,56,104,147,173,21,21,7,28,8,22,22,20,19,37,7,16,3,8,758,
"Oyster Bay - Como - Jannali",3,12,23,21,31,89,145,146,23,55,26,40,17,34,13,24,8,26,15,30,21,57,859,
"Royal National Park",0,0,0,0,0,0,0,0,0,0,0,0,0,0,0,0,0,0,0,0,0,0,3,
"Sutherland - Kirrawee",27,26,8,8,38,128,254,608,301,488,164,96,35,48,18,36,27,60,25,51,35,163,2658,
"Engadine",5,3,0,0,8,57,129,150,48,133,40,32,9,23,5,6,4,13,7,15,4,12,704,
"Loftus - Yarrawarrah",4,0,0,0,11,20,56,45,0,4,4,0,0,7,6,6,0,4,0,4,0,0,170,
"Woronora Heights",0,0,0,0,4,9,9,3,0,4,3,3,0,0,0,0,0,0,0,0,0,0,53,
"Total",4380,3928,21196,11934,21055,39547,67498,102250,20881,41198,21878,28498,12949,20193,8344,10802,6267,11189,6613,11200,5831,21011,498645,
